Creation,MergeTime,id,isPr,N. of Comments,Closed,N. Labels,author, labelStatus, lastUpdateTime, milestoneTitle, Repository
1710105944,NA,44363,1,5,0,5,Dr15Jones,NNPNNNNNNNNNNNNNNNSNNN,1710107208,CMSSW_14_1_X,cms-sw/cmssw
1710069012,NA,44361,1,9,0,6,fwyzard,NNNNNNNNNNNNPNNNNNANNN,1710102948,CMSSW_14_1_X,cms-sw/cmssw
1709920349,NA,44360,1,18,0,6,lecriste,NNNNNNNNNNPNNNNNPNPNNN,1710100084,CMSSW_14_1_X,cms-sw/cmssw
1709906684,NA,44359,1,12,0,7,sroychow,ANNNNNNNNNNNNNNNNNANNN,1710056775,CMSSW_14_0_X,cms-sw/cmssw
1709900906,NA,44358,1,10,0,6,swagata87,NNNNNNNNNNNPNNNNNNANNN,1709987227,CMSSW_14_1_X,cms-sw/cmssw
1709900727,NA,44357,1,9,0,6,perrotta,ANNNNNNNNNNNNNNNNNANNN,1710076865,CMSSW_14_0_X,cms-sw/cmssw
1709891110,NA,44355,1,6,0,6,valsdav,NNNNNNNNNNNNNPNNNNSNNN,1710088557,CMSSW_14_0_X,cms-sw/cmssw
1709890736,NA,44354,1,6,0,6,valsdav,NNNNNNNNNNNNNPNNNNSNNN,1710088578,CMSSW_14_1_X,cms-sw/cmssw
1709885406,NA,44353,1,5,0,5,24LopezR,NNNNNPNNNNNNNNNNNNRNNN,1709919614,CMSSW_14_1_X,cms-sw/cmssw
1709838535,NA,44349,1,8,0,6,Duchstf,NNNNNNNNNNNNPNNNNNSPNN,1709876567,CMSSW_14_1_X,cms-sw/cmssw
1709831591,NA,44348,1,7,0,5,tomalin,NNNNNNNNNNNNPNNNNNANNN,1709923001,CMSSW_14_1_X,cms-sw/cmssw
1709829213,NA,44347,1,8,0,5,rbhattacharya04,NNNNNNNNNNNNNNNNNNANNA,1710056925,CMSSW_14_0_X,cms-sw/cmssw
1709827730,NA,44346,1,7,0,6,cerminar,NNNNNNNNNNNNPNNNNNPPNN,1709894947,CMSSW_14_1_X,cms-sw/cmssw
1709823550,NA,44343,1,3,0,4,LukaLambrecht,NNNNNPNNNNNNNNNNNNPNNN,1710056930,CMSSW_14_0_X,cms-sw/cmssw
1709815031,NA,44339,1,5,0,5,LukaLambrecht,NNNNNPNNNNNNNNNNNNRNNN,1709914646,CMSSW_14_1_X,cms-sw/cmssw
1709798667,NA,44336,1,6,0,5,rseidita,NNNNNPNNNNNNNNNNNNRNNN,1709892127,CMSSW_14_1_X,cms-sw/cmssw
1709789920,NA,44335,1,7,0,7,wajidalikhan,NNNNNPNNNNNNNNNNANANNA,1709830918,CMSSW_14_1_X,cms-sw/cmssw
1709789716,NA,44334,1,9,0,5,NJManganelli,NNNNNNNNNNNNANNNNNANNN,1709903697,CMSSW_14_1_X,cms-sw/cmssw
1709743047,NA,44331,1,3,0,5,stahlleiton,NNNNNNNNPNNNNNNNNNPNNN,1710057015,CMSSW_13_2_X,cms-sw/cmssw
1709716229,NA,44328,1,5,0,6,iarspider,NNNNNNNNNNNNNNNNNNPNNP,1709716662,CMSSW_14_1_X,cms-sw/cmssw
1709675139,NA,44322,1,17,0,7,Cvico,NNNNNNNNNNNNNNPNNNPNNP,1710002613,CMSSW_14_1_X,cms-sw/cmssw
1709653932,NA,44320,1,14,0,5,ferencek,NNNNNNNNNNNNNNNNNAANNN,1709981694,CMSSW_14_1_X,cms-sw/cmssw
1709653882,NA,44319,1,3,0,8,zhenbinwu,NNNNNNNNNNNNPNNNNPPPNN,1709656205,CMSSW_14_1_X,cms-sw/cmssw
1709645919,NA,44316,1,20,0,11,stahlleiton,NNNNNNNNPNNNNNPPANAPNP,1709905180,CMSSW_14_1_X,cms-sw/cmssw
1709218940,NA,44271,1,31,0,5,wddgit,NNANNNNNNNNNNNNNNNANNN,1709935987,CMSSW_14_1_X,cms-sw/cmssw
1709217104,NA,44268,1,9,0,5,forthommel,NNNNNNNNPNNNNNNNNNRNNN,1709720393,CMSSW_10_6_X,cms-sw/cmssw
1709216544,NA,44267,1,6,0,4,stahlleiton,NNNNNNNNPNNNNNNNNNPNNN,1709886370,CMSSW_10_3_X,cms-sw/cmssw
1709200404,NA,44263,1,13,0,6,mbluj,NNNNNNNNNNNNNNNPNNAANN,1709905245,CMSSW_14_1_X,cms-sw/cmssw
1709044407,NA,44222,1,12,0,6,aloeliger,NNNNNNNNNNNPPNNNNNPNNN,1709807414,CMSSW_14_1_X,cms-sw/cmssw
1709033327,NA,44219,1,3,0,5,ericcano,NNNNNNNNNNPNNNNNNNPNNN,1709052850,CMSSW_14_1_X,cms-sw/cmssw
1708959223,NA,44090,1,5,0,7,yeckang,NNNNNNNNNNNNNNNNPNPPNN,1709283712,CMSSW_14_0_X,cms-sw/cmssw
1708949450,NA,44087,1,8,0,8,vlimant,NNNNNNNNNNNNNNPPNNAPNP,1708985347,CMSSW_14_1_X,cms-sw/cmssw
1708937005,NA,44085,1,7,0,7,yeckang,NNNNNNNNNNNNNNNNPNPPNN,1709283684,CMSSW_14_1_X,cms-sw/cmssw
1708617444,NA,44061,1,7,0,5,lauridsj,NNNNNNNNPNNNNNNNNNSNNN,1709643124,CMSSW_14_1_X,cms-sw/cmssw
1708569368,NA,44054,1,34,0,6,quinnanm,NNNNNNNNNNNPPNNNNNRNNN,1709110648,CMSSW_14_1_X,cms-sw/cmssw
1708540949,NA,44050,1,13,0,6,nurfikri89,NNNNNNNNNNNNNNNNANANNP,1709376829,CMSSW_14_1_X,cms-sw/cmssw
1708520117,NA,44041,1,17,0,6,rovere,NNNNNNNNNNNANNNNNNANNN,1709882767,CMSSW_14_1_X,cms-sw/cmssw
1708436673,NA,44029,1,5,0,5,gsaha009,NNNNNPNNNNNNNNNNNNRNNN,1708446364,CMSSW_14_1_X,cms-sw/cmssw
1708417651,NA,44025,1,63,0,5,rovere,NNNNNNNNNNNANNNNNNANNN,1709882766,CMSSW_14_1_X,cms-sw/cmssw
1708372697,NA,44019,1,29,0,5,matt2275,NNNNNNNNNNNNPNNNNNPNNN,1709989312,CMSSW_14_1_X,cms-sw/cmssw
1708004291,NA,43980,1,9,0,9,ericcano,NNNNNPNNNNPPNNNNPNANNN,1708701745,CMSSW_14_0_X,cms-sw/cmssw
1707945467,NA,43969,1,8,0,5,makortel,NNNNNNNNNNPNNNNNNNANNN,1707959359,CMSSW_14_1_X,cms-sw/cmssw
1707925166,NA,43964,1,64,0,14,borzari,PNNNNPNNNNPPNNPPPNAPNN,1709923020,CMSSW_14_1_X,cms-sw/cmssw
1707858996,NA,43957,1,13,0,6,lathomas,NNNNNNNNNNNNNNNNNNPNNP,1707910753,CMSSW_14_1_X,cms-sw/cmssw
1707838814,NA,43953,1,9,0,5,abdoulline,NNNNNPNNNNNNNNNNNNPNNN,1709545896,CMSSW_14_1_X,cms-sw/cmssw
1707836856,NA,43952,1,27,0,10,ericcano,NNNNNPNNNNPPNNNNPNANNN,1709648285,CMSSW_14_1_X,cms-sw/cmssw
1707742335,NA,43941,1,24,0,7,riga,NNNNNNNNNNNNNPNNNNANNN,1709962737,CMSSW_14_1_X,cms-sw/cmssw
1707475893,NA,43928,1,9,0,6,ctarricone,NNNNNPNNNNNNNNNNNNRNNN,1709212252,CMSSW_14_1_X,cms-sw/cmssw
1707458649,NA,43925,1,21,0,6,bhattlokesh2027,NNNNNNNNNANNNNNNNNAPNN,1709925410,CMSSW_14_1_X,cms-sw/cmssw
1707407958,NA,43921,1,7,0,6,nabrandman,NNNNNNNNNNNNPNNNNNANNN,1708526736,CMSSW_14_1_X,cms-sw/cmssw
1707393990,NA,43914,1,3,0,6,smuzaffar,NNPNNPNNNNNNNNNNNNPNNN,1707394487,CMSSW_14_1_X,cms-sw/cmssw
1707312731,NA,43888,1,8,0,5,dinyar,NNNNNNNNNNNNPNNNNNPNNN,1708945360,CMSSW_14_1_X,cms-sw/cmssw
1707149408,NA,43872,1,10,0,5,epalencia,NNNNNNNNNNNNPNNNNNRNNN,1708941113,CMSSW_14_1_X,cms-sw/cmssw
1707145515,NA,43871,1,15,0,6,winterchristian,NNNNNNNNNNNNNNNNPPANNN,1708001633,CMSSW_14_1_X,cms-sw/cmssw
1706798603,NA,43836,1,18,0,6,smuzaffar,NNPNNPNNNNNNNNNNNNPNNN,1707765057,CMSSW_14_1_X,cms-sw/cmssw
1706627472,NA,43815,1,16,0,6,slava77,NNNNNNNNNNNNNNPNNNANNN,1708442777,CMSSW_14_1_X,cms-sw/cmssw
1706189590,NA,43786,1,13,0,6,mseidel42,NNNNNNNPPNNNNNNNNNPNNN,1707764048,CMSSW_14_1_X,cms-sw/cmssw
1705931851,NA,43766,1,62,0,8,omiguelc,NNNNNNNNNNNNANNNNAAPNN,1709818723,CMSSW_14_1_X,cms-sw/cmssw
1705755758,NA,43761,1,15,0,8,mmusich,NNNNNNNNNNNNNNPPNNAPNN,1707846798,CMSSW_14_1_X,cms-sw/cmssw
1705654966,NA,43751,1,69,0,13,kerstinlovisa,PNNNPNNNNPNNNNNNPPPPNN,1709587500,CMSSW_14_1_X,cms-sw/cmssw
1704884818,NA,43690,1,18,0,7,tschuh,NNNNNNNNNNNNPNNNNNPPNN,1708939724,CMSSW_14_1_X,cms-sw/cmssw
1704565867,NA,43673,1,7,0,5,dan131riley,NNNNNNNNNNNNPNNNNNPNNN,1707995643,CMSSW_14_1_X,cms-sw/cmssw
1703280252,NA,43638,1,31,0,6,ddiaz006,NNNNNNNNNNNNANNNNNAANN,1709826384,CMSSW_14_1_X,cms-sw/cmssw
1702977712,NA,43596,1,16,0,6,smuzaffar,NNPNNNNNNNNNNNNNNNANNN,1707226355,CMSSW_14_1_X,cms-sw/cmssw
1701976439,NA,43522,1,49,0,6,wddgit,NNANNNNNNNNNNNNNNNANNN,1709835851,CMSSW_14_1_X,cms-sw/cmssw
1701678520,NA,43485,1,24,0,10,Ming-Yan,NNNNNNNNNNNNNNNPPNPPNP,1709810552,CMSSW_14_1_X,cms-sw/cmssw
1701446396,NA,43475,1,14,0,7,valsdav,NPNNNNNNNNNNNPNNNNANNN,1707765469,CMSSW_14_1_X,cms-sw/cmssw
1699981142,NA,43276,1,6,0,5,alkis-pap,NNPNNNNNNNNNNNNNNNPNNN,1707765517,CMSSW_14_1_X,cms-sw/cmssw
1699343226,NA,43213,1,5,0,4,kfjack,NNNNNNNNNNNNNNNPNNRNNN,1699451555,CMSSW_12_4_X,cms-sw/cmssw
1699341313,NA,43212,1,14,0,5,kfjack,NNNNNNNNNNNNNNNPNNRNNN,1707765447,CMSSW_14_1_X,cms-sw/cmssw
1699047102,NA,43186,1,13,0,8,francescobrivio,PNNNPNNNNNNNNNNNNAPNNN,1707765429,CMSSW_14_1_X,cms-sw/cmssw
1698753279,NA,43154,1,15,0,5,aloeliger,NNNNNNNNNNNNPNNNNNPNNN,1707765394,CMSSW_14_1_X,cms-sw/cmssw
1695997384,NA,42917,1,11,0,9,Dr15Jones,NPPNNNNNNNNNNNNNPPRPNN,1707765413,CMSSW_14_1_X,cms-sw/cmssw
1695284735,NA,42841,1,7,0,5,JanChyczynski,NNNNPNNNNNNNNNNNNNPNNN,1707765359,CMSSW_14_1_X,cms-sw/cmssw
1692264210,NA,42594,1,9,0,5,Abeer-Alsafran-ku,NNNNNNNNNNPNNNNNNNPNNN,1707765329,CMSSW_14_1_X,cms-sw/cmssw
1687171247,NA,42007,1,5,0,6,Sam-Harper,NNNNNNNNNNNNNNNNPNPNNN,1707765137,CMSSW_14_1_X,cms-sw/cmssw
1687167402,NA,42005,1,11,0,5,aloeliger,NNNNNNNNNNNNPNNNNNANNN,1707765119,CMSSW_14_1_X,cms-sw/cmssw
1686577887,NA,41932,1,26,0,8,ywkao,NNPNNPNNNNNNNNNNNNANNN,1707765096,CMSSW_14_1_X,cms-sw/cmssw
1678387214,NA,41018,1,32,0,6,Dr15Jones,NNNNNNNNNNNNNNNNRNANNN,1707210605,CMSSW_14_1_X,cms-sw/cmssw
1677773995,NA,40934,1,29,0,6,valsdav,NNNNNNNNNNNNNNNNPNANNN,1707765174,CMSSW_14_1_X,cms-sw/cmssw
1677711820,NA,40922,1,6,0,5,michael-pitt,NNNNNNNNNNNNNNNNNNPNNP,1693377043,CMSSW_10_6_X,cms-sw/cmssw
1674642132,NA,40610,1,12,0,7,mmusich,NNNNNNNNNNNNNNNNRNRNNN,1707765073,CMSSW_14_1_X,cms-sw/cmssw
1663241951,NA,39402,1,32,0,7,davidlange6,NNNNNNNNNNPNNPNNANRNNN,1707212410,CMSSW_14_1_X,cms-sw/cmssw
1661168616,NA,39133,1,21,0,6,Dr15Jones,NPNNNNNNPNNNNNNNNNANNN,1707765057,CMSSW_14_1_X,cms-sw/cmssw
1659973308,NA,38999,1,23,0,6,Dr15Jones,NNNNNNNNNNNNNNNNRNRNNP,1707765036,CMSSW_14_1_X,cms-sw/cmssw
1659369438,NA,38924,1,12,0,5,Dr15Jones,NNPNNNNNNNNNNNNNNNRNNN,1707764968,CMSSW_14_1_X,cms-sw/cmssw
1653121264,NA,38033,1,23,0,5,SiewYan,NNNNNNNNPNNNNNNNNNANNN,1707764932,CMSSW_14_1_X,cms-sw/cmssw
1652615854,NA,37952,1,57,0,9,VinInn,RNNNNNNNNNPNNNNNRNRNNN,1707764915,CMSSW_14_1_X,cms-sw/cmssw
1649426827,NA,37507,1,32,0,6,davidlange6,NNNNNNNNNNNNNNNNNARNNN,1707764905,CMSSW_14_1_X,cms-sw/cmssw
1648284659,NA,37359,1,22,0,7,VinInn,NNNNNNNNNNNNNNNNRPPNNN,1707764862,CMSSW_14_1_X,cms-sw/cmssw
1647324706,NA,37245,1,8,0,5,fwyzard,NNPNNNNNNNNNNNNNNNRNNN,1707764852,CMSSW_14_1_X,cms-sw/cmssw
1634540249,NA,35713,1,115,0,8,VinInn,NNNNNNNNNNPNNNNNRNRNNN,1707764846,CMSSW_14_1_X,cms-sw/cmssw
1626288463,NA,34490,1,9,0,5,sroychow,NNPNNNNNNNNNNNNNNNPNNN,1707764827,CMSSW_14_1_X,cms-sw/cmssw
1619465261,NA,33532,1,24,0,7,mtosi,NNNNNNNNNNNNNNPPNNPPNN,1707764817,CMSSW_14_1_X,cms-sw/cmssw
1610412286,NA,32632,1,51,0,6,fwyzard,NNPNNNNNNNPNNNNNNNRNNN,1707764804,CMSSW_14_1_X,cms-sw/cmssw
1709940546,NA,9059,1,5,0,5,fwyzard,NNNNNNPNNNNNNNNNNNANNN,1709991180,-,cms-sw/cmsdist
1709891909,NA,9058,1,7,0,5,fwyzard,NNNNNNPNNNNNNNNNNNANNN,1709999281,-,cms-sw/cmsdist
1709882798,NA,9057,1,6,0,6,sroychow,NNNNNNPNNNNNNNNNNNANNN,1709991749,-,cms-sw/cmsdist
1709882771,NA,9056,1,7,0,5,iarspider,NNNNNNPNNNNNNNNNNNRNNN,1710050243,-,cms-sw/cmsdist
1709722078,NA,9052,1,9,0,6,fwyzard,NNNNNNPNNNNNNNNNNNANNN,1709818625,-,cms-sw/cmsdist
1709722008,NA,9051,1,25,0,6,fwyzard,NNNNNNPNNNNNNNNNNNSNNN,1710088534,-,cms-sw/cmsdist
1709708549,NA,9046,1,72,0,5,fwyzard,NNNNNNPNNNNNNNNNNNSNNN,1710088474,-,cms-sw/cmsdist
1709205111,NA,9042,1,22,0,4,forthommel,NNNNNNPNNNNNNNNNNNPNNN,1709898934,-,cms-sw/cmsdist
1709204670,NA,9041,1,19,0,4,forthommel,NNNNNNANNNNNNNNNNNRNNN,1709908366,-,cms-sw/cmsdist
1707742319,NA,9005,1,19,0,5,riga,NNNNNNPNNNNNNNNNNNANNN,1708293333,-,cms-sw/cmsdist
1706614149,NA,8976,1,15,0,4,henriettepetersen,NNNNNNPNNNNNNNNNNNRNNN,1709733160,-,cms-sw/cmsdist
1705570217,NA,8952,1,9,0,4,smuzaffar,NNNNNNPNNNNNNNNNNNANNN,1709051675,-,cms-sw/cmsdist
1705322500,NA,8938,1,29,0,5,mseidel42,NNNNNNPNNNNNNNNNNNPNNN,1709640043,-,cms-sw/cmsdist
1703063108,NA,8904,1,13,0,4,fwyzard,NNNNNNPNNNNNNNNNNNRNNN,1709928987,-,cms-sw/cmsdist
1700143955,NA,8822,1,11,0,5,smuzaffar,NNNNNNPNNNNNNNNNNNRNNN,1707211336,-,cms-sw/cmsdist
1700123018,NA,8821,1,11,0,5,smuzaffar,NNNNNNPNNNNNNNNNNNRNNN,1707230179,-,cms-sw/cmsdist
1687241101,NA,8555,1,20,0,5,mseidel42,NNNNNNANNNNNNNNNNNANNN,1709886443,-,cms-sw/cmsdist
1677116127,NA,8331,1,19,0,4,menglu21,NNNNNNPNNNNNNNNNNNPNNN,1702554183,-,cms-sw/cmsdist
1709674628,NA,16,1,2,0,5,Cvico,NNNNNNPNNNNNNNNNNNPNNP,1709674649,-,cms-data/PhysicsTools-NanoAOD
1709520381,NA,7,1,4,0,5,bsunanda,NNNNNPPNNNNNNNNNNNANNN,1709550438,-,cms-data/Validation-HGCalValidation
1709519636,NA,6,1,4,0,5,bsunanda,NNNNNPPNNNNNNNNNNNANNN,1709549165,-,cms-data/Validation-HGCalValidation
1707336076,NA,1,1,14,0,6,pfs,NNNNNNPNNPNNNNNNNNPPNN,1709795378,-,cms-data/Geometry-HGCalMapping
1706295959,NA,55,1,3,0,5,y19y19,NNNNNNPNNNNNNNNNPNPNNN,1707990234,-,cms-data/RecoBTag-Combined
1706260416,NA,26,1,8,0,5,aloeliger,NNNNNNANNNNNANNNNNANNN,1707918706,-,cms-data/L1Trigger-L1TCalorimeter
1705944260,NA,1,1,8,0,6,omiguelc,NNNNNNANNNNNANNNNNAPNN,1709176343,-,cms-data/L1Trigger-L1TMuonEndCapPhase2
1700655748,NA,24,1,9,0,5,aloeliger,NNNNNNPNNNNNPNNNNNANNN,1707995561,-,cms-data/L1Trigger-L1TCalorimeter
1677764359,NA,4,1,2,0,5,valsdav,NNNNNNPNNNNNNNNNPNPNNN,1707992051,-,cms-data/RecoEcal-EgammaClusterProducers
1657705163,NA,6,1,22,0,5,michael-pitt,PNNNNNPNNNNNNNNNNNPNNN,1708077181,-,cms-data/CalibPPS-ESProducers
1654091774,NA,2,1,14,0,6,panoskatsoulis,NNNNANANNNNNANNNNNANNN,1699895540,-,cms-data/L1TriggerConfig-L1TConfigProducers
1691614836,NA,5,1,1,0,4,smuzaffar,NNNNNNPNNNNNNNNNNNPNNN,1691614854,-,cms-externals/boost
